{
	"parent": "item/generated",
	"credit": "Made with Blockbench by freq1062",
	"texture_size": [32, 32],
	"textures": {
		"0": "minecraft:item/challengers_sigil",
		"particle": "minecraft:item/challengers_sigil"
	},
	"elements": [
		{
			"from": [4.5, 0, 4],
			"to": [10.5, 0.95, 5],
			"rotation": {"angle": 0, "axis": "y", "origin": [4, 0, 4]},
			"faces": {
				"north": {"uv": [9, 9.5, 12, 10], "texture": "#0"},
				"east": {"uv": [7, 13.5, 7.5, 14], "texture": "#0"},
				"south": {"uv": [4.5, 10, 7.5, 10.5], "texture": "#0"},
				"west": {"uv": [2, 14, 2.5, 14.5], "texture": "#0"},
				"up": {"uv": [10.5, 10.5, 7.5, 10], "texture": "#0"},
				"down": {"uv": [7.5, 10.5, 4.5, 11], "texture": "#0"}
			}
		},
		{
			"from": [11, 0, 5.5],
			"to": [12, 0.95, 11.5],
			"rotation": {"angle": 0, "axis": "y", "origin": [11, 1, 10]},
			"faces": {
				"north": {"uv": [4.5, 14, 5, 14.5], "texture": "#0"},
				"east": {"uv": [7.5, 10.5, 10.5, 11], "texture": "#0"},
				"south": {"uv": [7, 14, 7.5, 14.5], "texture": "#0"},
				"west": {"uv": [10.5, 10, 13.5, 10.5], "texture": "#0"},
				"up": {"uv": [11, 13.5, 10.5, 10.5], "texture": "#0"},
				"down": {"uv": [5, 11, 4.5, 14], "texture": "#0"}
			}
		},
		{
			"from": [3, 0, 5.5],
			"to": [4, 0.95, 11.5],
			"rotation": {"angle": 0, "axis": "y", "origin": [4, 1, 10]},
			"faces": {
				"north": {"uv": [7, 14.5, 7.5, 15], "texture": "#0"},
				"east": {"uv": [5, 11, 8, 11.5], "texture": "#0"},
				"south": {"uv": [14.5, 8.5, 15, 9], "texture": "#0"},
				"west": {"uv": [11, 10.5, 14, 11], "texture": "#0"},
				"up": {"uv": [8.5, 14, 8, 11], "texture": "#0"},
				"down": {"uv": [9, 11, 8.5, 14], "texture": "#0"}
			}
		},
		{
			"from": [4.5, 0, 12],
			"to": [10.5, 0.95, 13],
			"rotation": {"angle": 0, "axis": "y", "origin": [5, 0, 11]},
			"faces": {
				"north": {"uv": [11, 11, 14, 11.5], "texture": "#0"},
				"east": {"uv": [9, 14.5, 9.5, 15], "texture": "#0"},
				"south": {"uv": [5, 11.5, 8, 12], "texture": "#0"},
				"west": {"uv": [14.5, 9, 15, 9.5], "texture": "#0"},
				"up": {"uv": [14, 12, 11, 11.5], "texture": "#0"},
				"down": {"uv": [8, 12, 5, 12.5], "texture": "#0"}
			}
		},
		{
			"from": [10.5, 0, 3.5],
			"to": [12.5, 1, 5.5],
			"rotation": {"angle": 0, "axis": "y", "origin": [10, 0, 4]},
			"faces": {
				"north": {"uv": [13.5, 10, 14.5, 10.5], "texture": "#0"},
				"east": {"uv": [13, 13.5, 14, 14], "texture": "#0"},
				"south": {"uv": [13.5, 13, 14.5, 13.5], "texture": "#0"},
				"west": {"uv": [0, 14, 1, 14.5], "texture": "#0"},
				"up": {"uv": [3.5, 14.5, 2.5, 13.5], "texture": "#0"},
				"down": {"uv": [14.5, 2.5, 13.5, 3.5], "texture": "#0"}
			}
		},
		{
			"from": [2.5, 0, 11.5],
			"to": [4.5, 1, 13.5],
			"rotation": {"angle": 0, "axis": "y", "origin": [2, 0, 12]},
			"faces": {
				"north": {"uv": [1, 14, 2, 14.5], "texture": "#0"},
				"east": {"uv": [8, 14, 9, 14.5], "texture": "#0"},
				"south": {"uv": [14, 10.5, 15, 11], "texture": "#0"},
				"west": {"uv": [14, 11, 15, 11.5], "texture": "#0"},
				"up": {"uv": [4.5, 14.5, 3.5, 13.5], "texture": "#0"},
				"down": {"uv": [14.5, 3.5, 13.5, 4.5], "texture": "#0"}
			}
		},
		{
			"from": [2.5, 0, 3.5],
			"to": [4.5, 1, 5.5],
			"rotation": {"angle": 0, "axis": "y", "origin": [2, 0, 4]},
			"faces": {
				"north": {"uv": [14, 11.5, 15, 12], "texture": "#0"},
				"east": {"uv": [13, 14, 14, 14.5], "texture": "#0"},
				"south": {"uv": [14, 13.5, 15, 14], "texture": "#0"},
				"west": {"uv": [14, 14, 15, 14.5], "texture": "#0"},
				"up": {"uv": [14.5, 5.5, 13.5, 4.5], "texture": "#0"},
				"down": {"uv": [6, 13.5, 5, 14.5], "texture": "#0"}
			}
		},
		{
			"from": [10.5, 0, 11.5],
			"to": [12.5, 1, 13.5],
			"rotation": {"angle": 0, "axis": "y", "origin": [10, 0, 12]},
			"faces": {
				"north": {"uv": [0, 14.5, 1, 15], "texture": "#0"},
				"east": {"uv": [1, 14.5, 2, 15], "texture": "#0"},
				"south": {"uv": [2, 14.5, 3, 15], "texture": "#0"},
				"west": {"uv": [14.5, 2.5, 15.5, 3], "texture": "#0"},
				"up": {"uv": [14.5, 6.5, 13.5, 5.5], "texture": "#0"},
				"down": {"uv": [7, 13.5, 6, 14.5], "texture": "#0"}
			}
		},
		{
			"from": [5, 0, 4.5],
			"to": [10, 0.9, 5.5],
			"rotation": {"angle": -45, "axis": "y", "origin": [7.5, 0.5, 8.5]},
			"faces": {
				"north": {"uv": [12, 9.5, 14.5, 10], "texture": "#0"},
				"east": {"uv": [9.5, 14.5, 10, 15], "texture": "#0"},
				"south": {"uv": [11, 12, 13.5, 12.5], "texture": "#0"},
				"west": {"uv": [14.5, 9.5, 15, 10], "texture": "#0"},
				"up": {"uv": [7.5, 13, 5, 12.5], "texture": "#0"},
				"down": {"uv": [13.5, 12.5, 11, 13], "texture": "#0"}
			}
		},
		{
			"from": [10.5, 0, 6],
			"to": [11.5, 0.9, 11],
			"rotation": {"angle": -45, "axis": "y", "origin": [7.5, 0.5, 8.5]},
			"faces": {
				"north": {"uv": [10, 14.5, 10.5, 15], "texture": "#0"},
				"east": {"uv": [5, 13, 7.5, 13.5], "texture": "#0"},
				"south": {"uv": [14.5, 10, 15, 10.5], "texture": "#0"},
				"west": {"uv": [11, 13, 13.5, 13.5], "texture": "#0"},
				"up": {"uv": [9.5, 13.5, 9, 11], "texture": "#0"},
				"down": {"uv": [10, 11, 9.5, 13.5], "texture": "#0"}
			}
		},
		{
			"from": [3.5, 0, 6],
			"to": [4.5, 0.9, 11],
			"rotation": {"angle": -45, "axis": "y", "origin": [7.5, 0.5, 8.5]},
			"faces": {
				"north": {"uv": [10.5, 14.5, 11, 15], "texture": "#0"},
				"east": {"uv": [0, 13.5, 2.5, 14], "texture": "#0"},
				"south": {"uv": [11, 14.5, 11.5, 15], "texture": "#0"},
				"west": {"uv": [13.5, 0, 16, 0.5], "texture": "#0"},
				"up": {"uv": [10.5, 13.5, 10, 11], "texture": "#0"},
				"down": {"uv": [8, 12.5, 7.5, 15], "texture": "#0"}
			}
		},
		{
			"from": [5, 0, 11.5],
			"to": [10, 0.9, 12.5],
			"rotation": {"angle": -45, "axis": "y", "origin": [7.5, 0.5, 8.5]},
			"faces": {
				"north": {"uv": [13.5, 0.5, 16, 1], "texture": "#0"},
				"east": {"uv": [11.5, 14.5, 12, 15], "texture": "#0"},
				"south": {"uv": [13.5, 1, 16, 1.5], "texture": "#0"},
				"west": {"uv": [12, 14.5, 12.5, 15], "texture": "#0"},
				"up": {"uv": [16, 2, 13.5, 1.5], "texture": "#0"},
				"down": {"uv": [16, 2, 13.5, 2.5], "texture": "#0"}
			}
		},
		{
			"from": [3, 0, 4],
			"to": [5, 1, 6],
			"rotation": {"angle": -45, "axis": "y", "origin": [7.5, 0.5, 8.5]},
			"faces": {
				"north": {"uv": [3, 14.5, 4, 15], "texture": "#0"},
				"east": {"uv": [14.5, 3, 15.5, 3.5], "texture": "#0"},
				"south": {"uv": [14.5, 3.5, 15.5, 4], "texture": "#0"},
				"west": {"uv": [4, 14.5, 5, 15], "texture": "#0"},
				"up": {"uv": [14.5, 7.5, 13.5, 6.5], "texture": "#0"},
				"down": {"uv": [14.5, 7.5, 13.5, 8.5], "texture": "#0"}
			}
		},
		{
			"from": [3, 0, 11],
			"to": [5, 1, 13],
			"rotation": {"angle": -45, "axis": "y", "origin": [7.5, 0.5, 8.5]},
			"faces": {
				"north": {"uv": [14.5, 4, 15.5, 4.5], "texture": "#0"},
				"east": {"uv": [14.5, 4.5, 15.5, 5], "texture": "#0"},
				"south": {"uv": [5, 14.5, 6, 15], "texture": "#0"},
				"west": {"uv": [14.5, 5, 15.5, 5.5], "texture": "#0"},
				"up": {"uv": [14.5, 9.5, 13.5, 8.5], "texture": "#0"},
				"down": {"uv": [10, 13.5, 9, 14.5], "texture": "#0"}
			}
		},
		{
			"from": [10, 0, 11],
			"to": [12, 1, 13],
			"rotation": {"angle": -45, "axis": "y", "origin": [7.5, 0.5, 8.5]},
			"faces": {
				"north": {"uv": [14.5, 5.5, 15.5, 6], "texture": "#0"},
				"east": {"uv": [6, 14.5, 7, 15], "texture": "#0"},
				"south": {"uv": [14.5, 6, 15.5, 6.5], "texture": "#0"},
				"west": {"uv": [14.5, 6.5, 15.5, 7], "texture": "#0"},
				"up": {"uv": [11, 14.5, 10, 13.5], "texture": "#0"},
				"down": {"uv": [12, 13.5, 11, 14.5], "texture": "#0"}
			}
		},
		{
			"from": [10, 0, 4],
			"to": [12, 1, 6],
			"rotation": {"angle": -45, "axis": "y", "origin": [7.5, 0.5, 8.5]},
			"faces": {
				"north": {"uv": [14.5, 7, 15.5, 7.5], "texture": "#0"},
				"east": {"uv": [14.5, 7.5, 15.5, 8], "texture": "#0"},
				"south": {"uv": [8, 14.5, 9, 15], "texture": "#0"},
				"west": {"uv": [14.5, 8, 15.5, 8.5], "texture": "#0"},
				"up": {"uv": [13, 14.5, 12, 13.5], "texture": "#0"},
				"down": {"uv": [14.5, 12, 13.5, 13], "texture": "#0"}
			}
		},
		{
			"from": [3, 0.1, 4],
			"to": [12, 0.4, 13],
			"rotation": {"angle": 0, "axis": "y", "origin": [7, 0, 4]},
			"faces": {
				"north": {"uv": [4.5, 9, 9, 9.5], "texture": "#0"},
				"east": {"uv": [9, 4.5, 13.5, 5], "texture": "#0"},
				"south": {"uv": [9, 5, 13.5, 5.5], "texture": "#0"},
				"west": {"uv": [9, 5.5, 13.5, 6], "texture": "#0"},
				"up": {"uv": [4.5, 4.5, 0, 0], "texture": "#0"},
				"down": {"uv": [4.5, 4.5, 0, 9], "texture": "#0"}
			}
		},
		{
			"from": [3, 0.1, 4],
			"to": [12, 0.35, 13],
			"rotation": {"angle": -22.5, "axis": "y", "origin": [7.5, 1, 8.5]},
			"faces": {
				"north": {"uv": [9, 6, 13.5, 6.5], "texture": "#0"},
				"east": {"uv": [9, 6.5, 13.5, 7], "texture": "#0"},
				"south": {"uv": [9, 7, 13.5, 7.5], "texture": "#0"},
				"west": {"uv": [9, 7.5, 13.5, 8], "texture": "#0"},
				"up": {"uv": [9, 4.5, 4.5, 0], "texture": "#0"},
				"down": {"uv": [9, 4.5, 4.5, 9], "texture": "#0"}
			}
		},
		{
			"from": [3, 0.1, 4],
			"to": [12, 0.3, 13],
			"rotation": {"angle": 22.5, "axis": "y", "origin": [7.5, 1, 8.5]},
			"faces": {
				"north": {"uv": [9, 8, 13.5, 8.5], "texture": "#0"},
				"east": {"uv": [9, 8.5, 13.5, 9], "texture": "#0"},
				"south": {"uv": [9, 9, 13.5, 9.5], "texture": "#0"},
				"west": {"uv": [4.5, 9.5, 9, 10], "texture": "#0"},
				"up": {"uv": [4.5, 13.5, 0, 9], "texture": "#0"},
				"down": {"uv": [13.5, 0, 9, 4.5], "texture": "#0"}
			}
		}
	],
	"display": {
		"thirdperson_righthand": {
			"rotation": [75, -180, 0],
			"translation": [0, 3, 6],
			"scale": [0.4, 0.8, 0.4]
		},
		"thirdperson_lefthand": {
			"rotation": [75, -180, 0],
			"translation": [0, 3, 6],
			"scale": [0.4, 0.8, 0.4]
		},
		"firstperson_righthand": {
			"rotation": [50, -180, -45],
			"translation": [3, 2, -3.5],
			"scale": [0.7, 0.8, 0.7]
		},
		"firstperson_lefthand": {
			"rotation": [50, -180, -45],
			"translation": [3, 2, -3.5],
			"scale": [0.7, 0.8, 0.7]
		},
		"ground": {
			"translation": [0, 5, 0],
			"scale": [0.7, 1, 0.7]
		},
		"gui": {
			"rotation": [90, -180, 0],
			"translation": [-0.25, -0.25, 0],
			"scale": [1.2, 1, 1.2]
		},
		"fixed": {
			"rotation": [-90, 0, 0],
			"translation": [0, 0, -7.5]
		},
		"on_shelf": {
			"rotation": [90, -180, 0],
			"translation": [0, 0, 4]
		}
	},
	"groups": [
		{
			"name": "square",
			"origin": [4, 0, 4],
			"color": 0,
			"children": [0, 1, 2, 3, 4, 5, 6, 7]
		},
		{
			"name": "dia",
			"origin": [4, 0, 4],
			"color": 0,
			"children": [8, 9, 10, 11, 12, 13, 14, 15]
		},
		{
			"name": "base",
			"origin": [7, 0, 4],
			"color": 0,
			"children": [16, 17, 18]
		}
	]
}