{
	"format_version": "1.21.6",
	"credit": "Made with Blockbench",
	"textures": {
		"0": "minecraft:item/influence_outer_layer",
		"2": "minecraft:item/influence_inner_layer",
		"particle": "minecraft:item/influence_outer_layer"
	},
	"overrides": [
		{
		"predicate": { "custom_model_data": 1001 },
		"model": "minecraft:item/sigil_blue"
		}
	],
	"elements": [
		{
			"from": [5.4, 0.4, 5.4],
			"to": [9.6, 4.6, 9.6],
			"rotation": {"angle": 0, "axis": "y", "origin": [5, 0, 5]},
			"faces": {
				"north": {"uv": [0, 0, 5, 5], "texture": "#0"},
				"east": {"uv": [0, 5, 5, 10], "texture": "#0"},
				"south": {"uv": [5, 0, 10, 5], "texture": "#0"},
				"west": {"uv": [5, 5, 10, 10], "texture": "#0"},
				"up": {"uv": [5, 15, 0, 10], "texture": "#0"},
				"down": {"uv": [15, 0, 10, 5], "texture": "#0"}
			}
		},
		{
			"from": [6, 1, 6],
			"to": [9, 4, 9],
			"rotation": {"angle": 0, "axis": "y", "origin": [7.5, 2.5, 7.5]},
			"faces": {
				"north": {"uv": [0, 0, 3, 3], "texture": "#2"},
				"east": {"uv": [0, 3, 3, 6], "texture": "#2"},
				"south": {"uv": [3, 0, 6, 3], "texture": "#2"},
				"west": {"uv": [3, 3, 6, 6], "texture": "#2"},
				"up": {"uv": [3, 9, 0, 6], "texture": "#2"},
				"down": {"uv": [9, 0, 6, 3], "texture": "#2"}
			}
		}
	],
	"display": {
		"thirdperson_righthand": {
			"rotation": [30, 60, 0],
			"translation": [0.5, 2, 1],
			"scale": [0.8, 0.8, 0.8]
		},
		"thirdperson_lefthand": {
			"rotation": [30, 60, 0],
			"translation": [0.5, 2, 1],
			"scale": [0.8, 0.8, 0.8]
		},
		"firstperson_righthand": {
			"rotation": [30, 60, 0],
			"translation": [4, 5, 0]
		},
		"firstperson_lefthand": {
			"rotation": [30, 60, 0],
			"translation": [4, 5, 0]
		},
		"ground": {
			"rotation": [30, 0, 0],
			"translation": [0, 3, 5],
			"scale": [1.5, 1.5, 1.5]
		},
		"gui": {
			"rotation": [45, 45, 0],
			"translation": [1.5, 8, 0],
			"scale": [2, 2, 2]
		},
		"fixed": {
			"rotation": [45, 45, 0],
			"translation": [1.5, 7, 7],
			"scale": [2, 2, 2]
		},
		"on_shelf": {
			"rotation": [0, 45, 0],
			"scale": [1.5, 1.5, 1.5]
		}
	}
}