{
	"format_version": "1.21.6",
	"credit": "Made with Blockbench by freq1062",
	"texture_size": [32, 32],
	"textures": {
		"0": "item/tempest_trident",
		"particle": "item/tempest_trident"
	},
	"elements": [
		{
			"from": [5.8, -0.075, 15],
			"to": [7.8, 0.975, 16],
			"rotation": {"angle": 45, "axis": "y", "origin": [6.8, 1, 15]},
			"faces": {
				"north": {"uv": [2, 8, 3, 8.5], "texture": "#0"},
				"east": {"uv": [4.5, 1, 5, 1.5], "texture": "#0"},
				"south": {"uv": [2, 8, 3, 8.5], "texture": "#0"},
				"west": {"uv": [4.5, 1, 5, 1.5], "texture": "#0"},
				"up": {"uv": [9, 2.5, 8, 2], "texture": "#0"},
				"down": {"uv": [8, 2, 9, 2.5], "texture": "#0"}
			}
		},
		{
			"from": [7.5, 0.2, -3.8],
			"to": [8.5, 0.9, 17.2],
			"rotation": {"angle": 0, "axis": "y", "origin": [7.5, 0, 4.2]},
			"faces": {
				"north": {"uv": [7, 2, 7.5, 2.5], "texture": "#0"},
				"east": {"uv": [0, 0, 9.5, 0.5], "texture": "#0"},
				"south": {"uv": [7, 3, 7.5, 3.5], "texture": "#0"},
				"west": {"uv": [0, 0.5, 9.5, 1], "texture": "#0"},
				"up": {"uv": [0.5, 10.5, 0, 1], "texture": "#0"},
				"down": {"uv": [1, 1, 0.5, 10.5], "texture": "#0"}
			}
		},
		{
			"from": [7.2, 0, -6.2],
			"to": [8.6, 1.1, -4.7],
			"rotation": {"angle": -45, "axis": "y", "origin": [7.7, 0.5, -4.2]},
			"faces": {
				"north": {"uv": [4, 7, 4.5, 7.5], "texture": "#0"},
				"east": {"uv": [4, 3.5, 5.5, 4], "texture": "#0"},
				"south": {"uv": [7, 4, 7.5, 4.5], "texture": "#0"},
				"west": {"uv": [3.5, 4.5, 5, 5], "texture": "#0"},
				"up": {"uv": [5.5, 2.5, 5, 1], "texture": "#0"},
				"down": {"uv": [4, 5, 3.5, 6.5], "texture": "#0"}
			}
		},
		{
			"from": [4.5, 0.3, -7.4],
			"to": [11.5, 0.6, -6.9],
			"rotation": {"angle": -1, "axis": "y", "origin": [9, 0.5, -6.9]},
			"faces": {
				"north": {"uv": [1, 1, 4.5, 1.5], "texture": "#0"},
				"east": {"uv": [7, 4.5, 7.5, 5], "texture": "#0"},
				"south": {"uv": [1, 1.5, 4.5, 2], "texture": "#0"},
				"west": {"uv": [7, 5, 7.5, 5.5], "texture": "#0"},
				"up": {"uv": [4.5, 2.5, 1, 2], "texture": "#0"},
				"down": {"uv": [4.5, 2.5, 1, 3], "texture": "#0"}
			}
		},
		{
			"from": [6.7, 0.1, -5.9],
			"to": [8.1, 1, -3.4],
			"rotation": {"angle": 45, "axis": "y", "origin": [7.6, 0.5, -4.9]},
			"faces": {
				"north": {"uv": [5.5, 7, 6, 7.5], "texture": "#0"},
				"east": {"uv": [5, 2.5, 6.5, 3], "texture": "#0"},
				"south": {"uv": [6, 7, 6.5, 7.5], "texture": "#0"},
				"west": {"uv": [4, 5, 5.5, 5.5], "texture": "#0"},
				"up": {"uv": [6, 2.5, 5.5, 1], "texture": "#0"},
				"down": {"uv": [6, 3.5, 5.5, 5], "texture": "#0"}
			}
		},
		{
			"from": [7.5, -0.1, -5.7],
			"to": [8.5, 1.3, -4.7],
			"rotation": {"angle": 0, "axis": "y", "origin": [6.5, -0.1, -6.7]},
			"faces": {
				"north": {"uv": [4.5, 1.5, 5, 2], "texture": "#0"},
				"east": {"uv": [4.5, 1.5, 5, 2], "texture": "#0"},
				"south": {"uv": [4.5, 1.5, 5, 2], "texture": "#0"},
				"west": {"uv": [4.5, 1.5, 5, 2], "texture": "#0"},
				"up": {"uv": [5, 2.5, 4.5, 2], "texture": "#0"},
				"down": {"uv": [5, 2, 4.5, 2.5], "texture": "#0"}
			}
		},
		{
			"from": [8.2, -0.1, 15],
			"to": [10.2, 1, 16],
			"rotation": {"angle": -45, "axis": "y", "origin": [9.2, 1, 15]},
			"faces": {
				"north": {"uv": [8.5, 3.5, 9.5, 4], "texture": "#0"},
				"east": {"uv": [8, 3.5, 8.5, 4], "texture": "#0"},
				"south": {"uv": [10, 3.5, 11, 4], "texture": "#0"},
				"west": {"uv": [9.5, 3.5, 10, 4], "texture": "#0"},
				"up": {"uv": [9.5, 3.5, 8.5, 3], "texture": "#0"},
				"down": {"uv": [10.5, 3, 9.5, 3.5], "texture": "#0"}
			}
		},
		{
			"from": [8.2, 0.1, -10.9],
			"to": [9.2, 0.99, -4.9],
			"rotation": {"angle": 5, "axis": "y", "origin": [8.2, 0, -2.9]},
			"faces": {
				"north": {"uv": [7, 6.5, 7.5, 7], "texture": "#0"},
				"east": {"uv": [1, 3, 4, 3.5], "texture": "#0"},
				"south": {"uv": [7, 7, 7.5, 7.5], "texture": "#0"},
				"west": {"uv": [1, 3.5, 4, 4], "texture": "#0"},
				"up": {"uv": [1.5, 7, 1, 4], "texture": "#0"},
				"down": {"uv": [2, 4, 1.5, 7], "texture": "#0"}
			}
		},
		{
			"from": [6.9, 0.2, -10.8],
			"to": [7.7, 0.7, -5.1],
			"rotation": {"angle": -5, "axis": "y", "origin": [6.8, 0, -2.9]},
			"faces": {
				"north": {"uv": [2, 7.5, 2.5, 8], "texture": "#0"},
				"east": {"uv": [2, 4, 5, 4.5], "texture": "#0"},
				"south": {"uv": [7.5, 2, 8, 2.5], "texture": "#0"},
				"west": {"uv": [4, 3, 7, 3.5], "texture": "#0"},
				"up": {"uv": [2.5, 7.5, 2, 4.5], "texture": "#0"},
				"down": {"uv": [3, 4.5, 2.5, 7.5], "texture": "#0"}
			}
		},
		{
			"from": [11.1, 0, -7.9],
			"to": [12.1, 1, -4.9],
			"rotation": {"angle": -15, "axis": "y", "origin": [11.12663, 0.475, -7.62505]},
			"faces": {
				"north": {"uv": [2.5, 7.5, 3, 8], "texture": "#0"},
				"east": {"uv": [4, 5.5, 5.5, 6], "texture": "#0"},
				"south": {"uv": [7.5, 2.5, 8, 3], "texture": "#0"},
				"west": {"uv": [5.5, 5, 7, 5.5], "texture": "#0"},
				"up": {"uv": [6, 7, 5.5, 5.5], "texture": "#0"},
				"down": {"uv": [6.5, 1, 6, 2.5], "texture": "#0"}
			}
		},
		{
			"from": [11.1203, 0.1, -9.70434],
			"to": [12.1203, 0.9, -7.70434],
			"rotation": {"angle": 0, "axis": "y", "origin": [11.12663, 0.475, -7.62505]},
			"faces": {
				"north": {"uv": [3, 7.5, 3.5, 8], "texture": "#0"},
				"east": {"uv": [6, 4, 7, 4.5], "texture": "#0"},
				"south": {"uv": [7.5, 3, 8, 3.5], "texture": "#0"},
				"west": {"uv": [6, 4.5, 7, 5], "texture": "#0"},
				"up": {"uv": [5.5, 5, 5, 4], "texture": "#0"},
				"down": {"uv": [3.5, 6.5, 3, 7.5], "texture": "#0"}
			}
		},
		{
			"from": [11.34816, 0.2, -11.71384],
			"to": [11.84816, 0.7, -9.71384],
			"rotation": {"angle": 0, "axis": "y", "origin": [11.12663, 0.475, -7.62505]},
			"faces": {
				"north": {"uv": [7.5, 3.5, 8, 4], "texture": "#0"},
				"east": {"uv": [6.5, 2.5, 7.5, 3], "texture": "#0"},
				"south": {"uv": [4, 7.5, 4.5, 8], "texture": "#0"},
				"west": {"uv": [3.5, 6.5, 4.5, 7], "texture": "#0"},
				"up": {"uv": [5, 7.5, 4.5, 6.5], "texture": "#0"},
				"down": {"uv": [5.5, 6.5, 5, 7.5], "texture": "#0"}
			}
		},
		{
			"from": [7.74816, 0.2, -15.01384],
			"to": [8.24816, 0.7, -10.91384],
			"rotation": {"angle": 0, "axis": "y", "origin": [7.52663, 0.475, -11.42505]},
			"faces": {
				"north": {"uv": [7.5, 3.5, 8, 4], "texture": "#0"},
				"east": {"uv": [6.5, 2.5, 7.5, 3], "texture": "#0"},
				"south": {"uv": [4, 7.5, 4.5, 8], "texture": "#0"},
				"west": {"uv": [3.5, 6.5, 4.5, 7], "texture": "#0"},
				"up": {"uv": [5, 7.5, 4.5, 6.5], "texture": "#0"},
				"down": {"uv": [5.5, 6.5, 5, 7.5], "texture": "#0"}
			}
		},
		{
			"from": [8.03677, 0.1, -5.41448],
			"to": [9.03677, 0.9, -4.41448],
			"rotation": {"angle": 40, "axis": "y", "origin": [9.67337, 0.475, -7.82505]},
			"faces": {
				"north": {"uv": [7.5, 4, 8, 4.5], "texture": "#0"},
				"east": {"uv": [4.5, 7.5, 5, 8], "texture": "#0"},
				"south": {"uv": [7.5, 4.5, 8, 5], "texture": "#0"},
				"west": {"uv": [5, 7.5, 5.5, 8], "texture": "#0"},
				"up": {"uv": [8, 5.5, 7.5, 5], "texture": "#0"},
				"down": {"uv": [6, 7.5, 5.5, 8], "texture": "#0"}
			}
		},
		{
			"from": [3.9, 0, -7.9],
			"to": [4.9, 1, -4.9],
			"rotation": {"angle": 15, "axis": "y", "origin": [4.87337, 0.475, -7.62505]},
			"faces": {
				"north": {"uv": [7.5, 5.5, 8, 6], "texture": "#0"},
				"east": {"uv": [6, 3.5, 7.5, 4], "texture": "#0"},
				"south": {"uv": [6, 7.5, 6.5, 8], "texture": "#0"},
				"west": {"uv": [4, 6, 5.5, 6.5], "texture": "#0"},
				"up": {"uv": [6.5, 7, 6, 5.5], "texture": "#0"},
				"down": {"uv": [7, 1, 6.5, 2.5], "texture": "#0"}
			}
		},
		{
			"from": [3.8797, 0.1, -9.70434],
			"to": [4.8797, 0.9, -7.70434],
			"rotation": {"angle": 0, "axis": "y", "origin": [4.87337, 0.475, -7.62505]},
			"faces": {
				"north": {"uv": [7.5, 6, 8, 6.5], "texture": "#0"},
				"east": {"uv": [6.5, 5.5, 7.5, 6], "texture": "#0"},
				"south": {"uv": [6.5, 7.5, 7, 8], "texture": "#0"},
				"west": {"uv": [6.5, 6, 7.5, 6.5], "texture": "#0"},
				"up": {"uv": [7, 7.5, 6.5, 6.5], "texture": "#0"},
				"down": {"uv": [1.5, 7, 1, 8], "texture": "#0"}
			}
		},
		{
			"from": [4.15184, 0.2, -11.71384],
			"to": [4.65184, 0.7, -9.71384],
			"rotation": {"angle": 0, "axis": "y", "origin": [4.87337, 0.475, -7.62505]},
			"faces": {
				"north": {"uv": [7.5, 6.5, 8, 7], "texture": "#0"},
				"east": {"uv": [7, 1, 8, 1.5], "texture": "#0"},
				"south": {"uv": [7, 7.5, 7.5, 8], "texture": "#0"},
				"west": {"uv": [7, 1.5, 8, 2], "texture": "#0"},
				"up": {"uv": [2, 8, 1.5, 7], "texture": "#0"},
				"down": {"uv": [4, 7, 3.5, 8], "texture": "#0"}
			}
		},
		{
			"from": [6.96323, 0.1, -5.41448],
			"to": [7.96323, 0.9, -4.41448],
			"rotation": {"angle": -40, "axis": "y", "origin": [6.32663, 0.475, -7.82505]},
			"faces": {
				"north": {"uv": [7.5, 7, 8, 7.5], "texture": "#0"},
				"east": {"uv": [7.5, 7.5, 8, 8], "texture": "#0"},
				"south": {"uv": [1, 8, 1.5, 8.5], "texture": "#0"},
				"west": {"uv": [8, 1, 8.5, 1.5], "texture": "#0"},
				"up": {"uv": [2, 8.5, 1.5, 8], "texture": "#0"},
				"down": {"uv": [8.5, 1.5, 8, 2], "texture": "#0"}
			}
		}
	],
	"display": {
		"thirdperson_righthand": {
			"rotation": [90, 0, 90],
			"translation": [-7.5, -7.5, 2.5],
			"scale": [0.9, 1, 1]
		},
		"firstperson_righthand": {
			"rotation": [75, 0, -90],
			"translation": [13, -11, 0]
		},
		"firstperson_lefthand": {
			"rotation": [75, 0, -90],
			"translation": [13, -11, 0]
		},
		"ground": {
			"translation": [0, 5, 5]
		},
		"gui": {
			"rotation": [90, -45, 0],
			"translation": [-3, -3.25, 0],
			"scale": [0.7, 0.7, 0.7]
		},
		"fixed": {
			"rotation": [90, 45, 0],
			"translation": [2.5, -4, 5],
			"scale": [0.8, 0.7, 0.7]
		},
		"on_shelf": {
			"rotation": [90, 0, 0],
			"translation": [0, 0, 4.25],
			"scale": [0.8, 0.7, 0.7]
		}
	},
	"groups": [
		{
			"name": "group",
			"origin": [6, 0, 8],
			"color": 0,
			"children": [
				{
					"name": "group",
					"origin": [7, 0, 20],
					"color": 0,
					"children": [0, 1, 2, 3, 4, 5, 6]
				},
				{
					"name": "group",
					"origin": [7.7, 0, 8],
					"color": 0,
					"children": [7, 8]
				},
				{
					"name": "group",
					"origin": [10, 0, 8],
					"color": 0,
					"children": [
						{
							"name": "group",
							"origin": [10, 0, 8],
							"color": 0,
							"children": [9, 10, 11, 12, 13]
						},
						{
							"name": "group",
							"origin": [6, 0, 8],
							"color": 0,
							"children": [14, 15, 16, 17]
						}
					]
				}
			]
		}
	]
}